[
	{
		"name": "Basse température",
		"name_thumbnail": "avertissements/dangerBasseTemperature_s.png",
		"position": 0
	},
	{
		"name": "Champ magnétique important",
		"name_thumbnail": "avertissements/dangerChampMagnetiqueImportant_s.png",
		"position": 1
	},
	{
		"name": "Charges suspendues",
		"name_thumbnail": "avertissements/dangerChargesSuspendues_s.png",
		"position": 2
	},
	{
		"name": "Danger électrique",
		"name_thumbnail": "avertissements/dangerElectrique_s.png",
		"position": 3
	},
	{
		"name": "Emplacement où une atmosphère explosible peut se présenter",
		"name_thumbnail": "avertissements/dangerEX_s.png",
		"position": 4
	},
	{
		"name": "Matières comburantes",
		"name_thumbnail": "avertissements/dangerMatieresComburantes_s.png",
		"position": 5
	},
	{
		"name": "Matières corrosives",
		"name_thumbnail": "avertissements/dangerMatieresCorrosives_s.png",
		"position": 6
	},
	{
		"name": "Matières inflammables ou haute température",
		"name_thumbnail": "avertissements/dangerMatieresInflammables_s.png",
		"position": 7
	},
	{
		"name": "Matières nocives ou irritantes",
		"name_thumbnail": "avertissements/dangerMatieresNocivesIrritantes_s.png",
		"position": 8
	},
	{
		"name": "Matières radioactives radiations ionisantes",
		"name_thumbnail": "avertissements/dangerRayonnementIonisantes_s.png",
		"position": 9
	},
	{
		"name": "Matières toxiques",
		"name_thumbnail": "avertissements/dangerMatieresToxiques_s.png",
		"position": 10
	},
	{
		"name": "Radiations non ionisantes",
		"name_thumbnail": "avertissements/dangerRayonnementNonIonisantes_s.png",
		"position": 11
	},
	{
		"name": "Rayonnement laser",
		"name_thumbnail": "avertissements/dangerRayonnementLaser_s.png",
		"position": 12
	},
	{
		"name": "Risque biologique",
		"name_thumbnail": "avertissements/dangerRisqueBiologique_s.png",
		"position": 13
	},
	{
		"name": "Trébuchement",
		"name_thumbnail": "avertissements/dangerTrebuchement_s.png",
		"position": 14
	},
	{
		"name": "Véhicules de manutention",
		"name_thumbnail": "avertissements/dangerVehiculeManutention_s.png",
		"position": 15
	},
	{
		"name": "Divers danger",
		"name_thumbnail": "avertissements/dangerGeneral_s.png",
		"position": 16
	},
	{
		"name": "Divers équipement de protection collective",
		"name_thumbnail": "epc/preconisations_epc_s.png",
		"position": 17
	},
	{
		"name": "Protection individuelle obligatoire contre les chutes",
		"name_thumbnail": "obligations/obligationChute_s.png",
		"position": 18
	},
	{
		"name": "Protection obligatoire de l'ouïe",
		"name_thumbnail": "obligations/obligationOuie_s.png",
		"position": 19
	},
	{
		"name": "Protection obligatoire de la figure",
		"name_thumbnail": "obligations/obligationFigure_s.png",
		"position": 20
	},
	{
		"name": "Protection obligatoire de la tête",
		"name_thumbnail": "obligations/obligationTete_s.png",
		"position": 21
	},
	{
		"name": "Protection obligatoire de la vue",
		"name_thumbnail": "obligations/obligationVue_s.png",
		"position": 22
	},
	{
		"name": "Protection obligatoire des mains",
		"name_thumbnail": "obligations/obligationMains_s.png",
		"position": 23
	},
	{
		"name": "Protection obligatoire des pieds",
		"name_thumbnail": "obligations/obligationPieds_s.png",
		"position": 24
	},
	{
		"name": "Protection obligatoire des voies respiratoires",
		"name_thumbnail": "obligations/obligationVoiesRespiratoires_s.png",
		"position": 25
	},
	{
		"name": "Protection obligatoire du corps",
		"name_thumbnail": "obligations/obligationCorps_s.png",
		"position": 26
	},
	{
		"name": "Protection obligatoire pour piétons",
		"name_thumbnail": "obligations/obligationPietons_s.png",
		"position": 27
	},
	{
		"name": "Divers équipement de protection individuelle",
		"name_thumbnail": "obligations/preconisationEPI_s.png",
		"position": 28
	},
	{
		"name": "Défense d'éteindre avec de l'eau",
		"name_thumbnail": "interdictions/interdictionEteindreAvecEau_s.png",
		"position": 29
	},
	{
		"name": "Défense de fumer",
		"name_thumbnail": "interdictions/interdictionFumer_s.png",
		"position": 30
	},
	{
		"name": "Eau non potable",
		"name_thumbnail": "interdictions/interdictionEauNonPotable_s.png",
		"position": 31
	},
	{
		"name": "Entrée interdite aux personnes non autorisées",
		"name_thumbnail": "interdictions/interdictionPersonnesNonAutorisees_s.png",
		"position": 32
	},
	{
		"name": "Flamme nue interdite et défense de fumer",
		"name_thumbnail": "interdictions/interdictionFlammeNue_s.png",
		"position": 33
	},
	{
		"name": "Interdit aux piétons",
		"name_thumbnail": "interdictions/interdictionPietons_s.png",
		"position": 34
	},
	{
		"name": "Interdit aux véhicules de manutention",
		"name_thumbnail": "interdictions/interdictionVehiculesManutention_s.png",
		"position": 35
	},
	{
		"name": "Ne pas toucher",
		"name_thumbnail": "interdictions/interdictionToucher_s.png",
		"position": 36
	},
	{
		"name": "Divers interdiction",
		"name_thumbnail": "interdictions/interdictionGenerale_s.png",
		"position": 37
	},
	{
		"name": "Divers obligation",
		"name_thumbnail": "obligations/obligationGenerale_s.png",
		"position": 38
	},
	{
		"name": "Divers recommandations",
		"name_thumbnail": "recommandations/recommandationsGenerale_s.png",
		"position": 39
	}
]
